timestamp,country,admin1,admin2,admin3,lat,lng,feature,value
2022-01-01T00:00:00,,,,,,,Infected,0.24301402107660747
2022-01-02T00:00:00,,,,,,,Infected,0.1815063853909702
2022-01-03T00:00:00,,,,,,,Infected,0.13599436248795838
2022-01-04T00:00:00,,,,,,,Infected,0.10226866336205762
2022-01-05T00:00:00,,,,,,,Infected,0.07723622101512465
2022-01-06T00:00:00,,,,,,,Infected,0.05862211285530822
2022-01-07T00:00:00,,,,,,,Infected,0.044751733033173084
2022-01-08T00:00:00,,,,,,,Infected,0.0343920410805586
2022-01-09T00:00:00,,,,,,,Infected,0.02663341667952314
2022-01-10T00:00:00,,,,,,,Infected,0.020804205595496676
2022-01-11T00:00:00,,,,,,,Infected,0.016409857392066646
2022-01-12T00:00:00,,,,,,,Infected,0.013082331146619249
2022-01-13T00:00:00,,,,,,,Infected,0.010551962165610428
2022-01-14T00:00:00,,,,,,,Infected,0.008616323970302339
2022-01-15T00:00:00,,,,,,,Infected,0.007127161987365378
2022-01-16T00:00:00,,,,,,,Infected,0.0059736415713395035
2022-01-17T00:00:00,,,,,,,Infected,0.005072311293699803
2022-01-18T00:00:00,,,,,,,Infected,0.004363230259587639
2022-01-19T00:00:00,,,,,,,Infected,0.003799216617875899
2022-01-20T00:00:00,,,,,,,Infected,0.003346143305787598
2022-01-21T00:00:00,,,,,,,Infected,0.0029789317551498083
2022-01-22T00:00:00,,,,,,,Infected,0.0026772320848717163
2022-01-23T00:00:00,,,,,,,Infected,0.002426591885636751
2022-01-24T00:00:00,,,,,,,Infected,0.002216407034326434
2022-01-25T00:00:00,,,,,,,Infected,0.0020377542750757444
2022-01-26T00:00:00,,,,,,,Infected,0.0018840073901465956
2022-01-27T00:00:00,,,,,,,Infected,0.0017506382221063284
2022-01-28T00:00:00,,,,,,,Infected,0.0016337519230270711
2022-01-29T00:00:00,,,,,,,Infected,0.00153005620863553
2022-01-30T00:00:00,,,,,,,Infected,0.001437363919827638
2022-01-31T00:00:00,,,,,,,Infected,0.0013540088950940716
2022-02-01T00:00:00,,,,,,,Infected,0.001278474340910794
2022-02-02T00:00:00,,,,,,,Infected,0.0012094305177358427
2022-02-03T00:00:00,,,,,,,Infected,0.0011460136395258639
2022-02-04T00:00:00,,,,,,,Infected,0.0010875675601658306
2022-02-05T00:00:00,,,,,,,Infected,0.0010334693792579883
2022-02-06T00:00:00,,,,,,,Infected,0.0009831320013676298
2022-02-07T00:00:00,,,,,,,Infected,0.0009360775006037983
2022-02-08T00:00:00,,,,,,,Infected,0.0008920213931243461
2022-02-09T00:00:00,,,,,,,Infected,0.0008506964061650124
2022-02-10T00:00:00,,,,,,,Infected,0.0008118422074992337
2022-02-11T00:00:00,,,,,,,Infected,0.0007752054103691509
2022-02-12T00:00:00,,,,,,,Infected,0.0007405544827346614
2022-02-13T00:00:00,,,,,,,Infected,0.000707752176292929
2022-02-14T00:00:00,,,,,,,Infected,0.000676679276601069
2022-02-15T00:00:00,,,,,,,Infected,0.0006472160897404801
2022-02-16T00:00:00,,,,,,,Infected,0.0006192440916386899
2022-02-17T00:00:00,,,,,,,Infected,0.0005926459280693552
2022-02-18T00:00:00,,,,,,,Infected,0.0005673091716442225
2022-02-19T00:00:00,,,,,,,Infected,0.0005431626118837103
2022-02-20T00:00:00,,,,,,,Infected,0.0005201481324366263
2022-02-21T00:00:00,,,,,,,Infected,0.0004982057724158322
2022-02-22T00:00:00,,,,,,,Infected,0.00047727543561470554
2022-02-23T00:00:00,,,,,,,Infected,0.00045729689050714144
2022-02-24T00:00:00,,,,,,,Infected,0.0004382097702475509
2022-02-25T00:00:00,,,,,,,Infected,0.0004199544754674815
2022-02-26T00:00:00,,,,,,,Infected,0.00040248993505059496
2022-02-27T00:00:00,,,,,,,Infected,0.00038578566658535905
2022-02-28T00:00:00,,,,,,,Infected,0.0003698095572917213
2022-03-01T00:00:00,,,,,,,Infected,0.00035452880705724916
2022-03-02T00:00:00,,,,,,,Infected,0.0003399099284371308
2022-03-03T00:00:00,,,,,,,Infected,0.00032591874665417476
2022-03-04T00:00:00,,,,,,,Infected,0.0003125203995988086
2022-03-05T00:00:00,,,,,,,Infected,0.0002996793397918526
2022-03-06T00:00:00,,,,,,,Infected,0.00028736642142856414
2022-03-07T00:00:00,,,,,,,Infected,0.00027556543454470504
2022-03-08T00:00:00,,,,,,,Infected,0.0002642594414146785
2022-03-09T00:00:00,,,,,,,Infected,0.0002534305000772122
2022-03-10T00:00:00,,,,,,,Infected,0.00024305966433535868
2022-03-11T00:00:00,,,,,,,Infected,0.00023312698375649494
2022-03-12T00:00:00,,,,,,,Infected,0.0002236115036723226
2022-03-13T00:00:00,,,,,,,Infected,0.0002144912651788682
2022-03-14T00:00:00,,,,,,,Infected,0.00020574330513648274
2022-03-15T00:00:00,,,,,,,Infected,0.00019734390885543505
2022-03-16T00:00:00,,,,,,,Infected,0.000189279026107075
2022-03-17T00:00:00,,,,,,,Infected,0.00018154248961045944
2022-03-18T00:00:00,,,,,,,Infected,0.0001741260995382892
2022-03-19T00:00:00,,,,,,,Infected,0.00016702027492715812
2022-03-20T00:00:00,,,,,,,Infected,0.00016021405367755282
2022-03-21T00:00:00,,,,,,,Infected,0.00015369509255385274
2022-03-22T00:00:00,,,,,,,Infected,0.00014744966718433056
2022-03-23T00:00:00,,,,,,,Infected,0.00014146267206115146
2022-03-24T00:00:00,,,,,,,Infected,0.00013571762054037363
2022-03-25T00:00:00,,,,,,,Infected,0.00013019664484194754
2022-03-26T00:00:00,,,,,,,Infected,0.0001248851659638292
2022-03-27T00:00:00,,,,,,,Infected,0.00011978405899876637
2022-03-28T00:00:00,,,,,,,Infected,0.0001148925659277568
2022-03-29T00:00:00,,,,,,,Infected,0.00011020743267507255
2022-03-30T00:00:00,,,,,,,Infected,0.00010572306991151832
2022-03-31T00:00:00,,,,,,,Infected,0.00010143155305443158
2022-04-01T00:00:00,,,,,,,Infected,9.732262226768215e-05
2022-04-02T00:00:00,,,,,,,Infected,9.338368246167299e-05
2022-04-03T00:00:00,,,,,,,Infected,8.959980329333924e-05
2022-04-04T00:00:00,,,,,,,Infected,8.595389201165721e-05
2022-04-05T00:00:00,,,,,,,Infected,8.244152723373815e-05
2022-04-06T00:00:00,,,,,,,Infected,7.906982255904353e-05
2022-04-07T00:00:00,,,,,,,Infected,7.584083806777824e-05
2022-04-08T00:00:00,,,,,,,Infected,7.275335462906963e-05
2022-04-09T00:00:00,,,,,,,Infected,6.980287390096753e-05
2022-04-10T00:00:00,,,,,,,Infected,6.698161833044427e-05
2022-04-11T00:00:00,,,,,,,Infected,6.427853115339455e-05
2022-04-12T00:00:00,,,,,,,Infected,6.167927639463567e-05
2022-04-13T00:00:00,,,,,,,Infected,5.916733183482814e-05
2022-04-14T00:00:00,,,,,,,Infected,5.674576629811006e-05
2022-04-15T00:00:00,,,,,,,Infected,5.4422836932519566e-05
2022-04-16T00:00:00,,,,,,,Infected,5.220091188488375e-05
2022-04-17T00:00:00,,,,,,,Infected,5.007911047426351e-05
2022-04-18T00:00:00,,,,,,,Infected,4.805330319195352e-05
2022-04-19T00:00:00,,,,,,,Infected,4.611611170148217e-05
2022-04-20T00:00:00,,,,,,,Infected,4.4256908838611734e-05
2022-04-21T00:00:00,,,,,,,Infected,4.2461818611338186e-05
2022-04-22T00:00:00,,,,,,,Infected,4.0724875805093126e-05
2022-04-23T00:00:00,,,,,,,Infected,3.905630531139277e-05
2022-04-24T00:00:00,,,,,,,Infected,3.745925697777765e-05
2022-04-25T00:00:00,,,,,,,Infected,3.5934228297328204e-05
2022-04-26T00:00:00,,,,,,,Infected,3.44790959918304e-05
2022-04-27T00:00:00,,,,,,,Infected,3.308911601177568e-05
2022-04-28T00:00:00,,,,,,,Infected,3.175692353636104e-05
2022-04-29T00:00:00,,,,,,,Infected,3.047253297348893e-05
2022-04-30T00:00:00,,,,,,,Infected,2.9229552480260997e-05
2022-05-01T00:00:00,,,,,,,Infected,2.8038017978471368e-05
2022-01-01T00:00:00,,,,,,,Healed,0.0
2022-01-02T00:00:00,,,,,,,Healed,0.03828902473597935
2022-01-03T00:00:00,,,,,,,Healed,0.07453341391983466
2022-01-04T00:00:00,,,,,,,Healed,0.10700145413074422
2022-01-05T00:00:00,,,,,,,Healed,0.1351289368299541
2022-01-06T00:00:00,,,,,,,Healed,0.15897976878607856
2022-01-07T00:00:00,,,,,,,Healed,0.17892582227373824
2022-01-08T00:00:00,,,,,,,Healed,0.19546307493047618
2022-01-09T00:00:00,,,,,,,Healed,0.20910678174211486
2022-01-10T00:00:00,,,,,,,Healed,0.22034106368461437
2022-01-11T00:00:00,,,,,,,Healed,0.2295955793558613
2022-01-12T00:00:00,,,,,,,Healed,0.23723637512064452
2022-01-13T00:00:00,,,,,,,Healed,0.24357018944029832
2022-01-14T00:00:00,,,,,,,Healed,0.2488483562196347
2022-01-15T00:00:00,,,,,,,Healed,0.2532748331568313
2022-01-16T00:00:00,,,,,,,Healed,0.25701428706283674
2022-01-17T00:00:00,,,,,,,Healed,0.2601984441785814
2022-01-18T00:00:00,,,,,,,Healed,0.26293189547717416
2022-01-19T00:00:00,,,,,,,Healed,0.265299044312236
2022-01-20T00:00:00,,,,,,,Healed,0.26736639417081925
2022-01-21T00:00:00,,,,,,,Healed,0.26918662853384506
2022-01-22T00:00:00,,,,,,,Healed,0.2708029860275509
2022-01-23T00:00:00,,,,,,,Healed,0.27224928027990236
2022-01-24T00:00:00,,,,,,,Healed,0.2735523110896039
2022-01-25T00:00:00,,,,,,,Healed,0.2747346711802872
2022-01-26T00:00:00,,,,,,,Healed,0.2758144416738002
2022-01-27T00:00:00,,,,,,,Healed,0.2768056202739967
2022-01-28T00:00:00,,,,,,,Healed,0.27772025485013463
2022-01-29T00:00:00,,,,,,,Healed,0.27856862725114356
2022-01-30T00:00:00,,,,,,,Healed,0.2793587065186911
2022-01-31T00:00:00,,,,,,,Healed,0.28009703096044825
2022-02-01T00:00:00,,,,,,,Healed,0.2807894384828404
2022-02-02T00:00:00,,,,,,,Healed,0.2814410378199538
2022-02-03T00:00:00,,,,,,,Healed,0.2820558266813649
2022-02-04T00:00:00,,,,,,,Healed,0.28263711916895123
2022-02-05T00:00:00,,,,,,,Healed,0.28318794799483377
2022-02-06T00:00:00,,,,,,,Healed,0.28371107006420826
2022-02-07T00:00:00,,,,,,,Healed,0.2842088623087756
2022-02-08T00:00:00,,,,,,,Healed,0.2846831693651213
2022-02-09T00:00:00,,,,,,,Healed,0.28513566053743084
2022-02-10T00:00:00,,,,,,,Healed,0.28556789262514365
2022-02-11T00:00:00,,,,,,,Healed,0.28598130991864595
2022-02-12T00:00:00,,,,,,,Healed,0.28637722163556883
2022-02-13T00:00:00,,,,,,,Healed,0.28675667091874407
2022-02-14T00:00:00,,,,,,,Healed,0.28712058009341285
2022-02-15T00:00:00,,,,,,,Healed,0.28746982414836636
2022-02-16T00:00:00,,,,,,,Healed,0.2878052296549616
2022-02-17T00:00:00,,,,,,,Healed,0.28812757476712125
2022-02-18T00:00:00,,,,,,,Healed,0.2884375832355146
2022-02-19T00:00:00,,,,,,,Healed,0.28873585910627547
2022-02-20T00:00:00,,,,,,,Healed,0.28902293912331606
2022-02-21T00:00:00,,,,,,,Healed,0.28929933830250537
2022-02-22T00:00:00,,,,,,,Healed,0.2895655486001551
2022-02-23T00:00:00,,,,,,,Healed,0.28982203891301955
2022-02-24T00:00:00,,,,,,,Healed,0.29006925507829584
2022-02-25T00:00:00,,,,,,,Healed,0.2903076183656059
2022-02-26T00:00:00,,,,,,,Healed,0.29053749873800033
2022-02-27T00:00:00,,,,,,,Healed,0.29075923502216566
2022-02-28T00:00:00,,,,,,,Healed,0.2909731541819948
2022-03-01T00:00:00,,,,,,,Healed,0.291179569364699
2022-03-02T00:00:00,,,,,,,Healed,0.29137877990080824
2022-03-03T00:00:00,,,,,,,Healed,0.2915710713041708
2022-03-04T00:00:00,,,,,,,Healed,0.29175671527195385
2022-03-05T00:00:00,,,,,,,Healed,0.29193596967495994
2022-03-06T00:00:00,,,,,,,Healed,0.2921090653814042
2022-03-07T00:00:00,,,,,,,Healed,0.29227623445396844
2022-03-08T00:00:00,,,,,,,Healed,0.292437713009089
2022-03-09T00:00:00,,,,,,,Healed,0.29259372265695055
2022-03-10T00:00:00,,,,,,,Healed,0.2927444705014856
2022-03-11T00:00:00,,,,,,,Healed,0.292890149140375
2022-03-12T00:00:00,,,,,,,Healed,0.2930309366650476
2022-03-13T00:00:00,,,,,,,Healed,0.2931669966606803
2022-03-14T00:00:00,,,,,,,Healed,0.29329847820619825
2022-03-15T00:00:00,,,,,,,Healed,0.2934255129729172
2022-03-16T00:00:00,,,,,,,Healed,0.2935481945005854
2022-03-17T00:00:00,,,,,,,Healed,0.2936667394851468
2022-03-18T00:00:00,,,,,,,Healed,0.29378137633873186
2022-03-19T00:00:00,,,,,,,Healed,0.2938922994685699
2022-03-20T00:00:00,,,,,,,Healed,0.29399966927698984
2022-03-21T00:00:00,,,,,,,Healed,0.2941036121614197
2022-03-22T00:00:00,,,,,,,Healed,0.2942042205143869
2022-03-23T00:00:00,,,,,,,Healed,0.29430155272351793
2022-03-24T00:00:00,,,,,,,Healed,0.2943956331715388
2022-03-25T00:00:00,,,,,,,Healed,0.2944864522362745
2022-03-26T00:00:00,,,,,,,Healed,0.2945739748832415
2022-03-27T00:00:00,,,,,,,Healed,0.2946584159862343
2022-03-28T00:00:00,,,,,,,Healed,0.29474013557020134
2022-03-29T00:00:00,,,,,,,Healed,0.2948194052486893
2022-03-30T00:00:00,,,,,,,Healed,0.2948964049317172
2022-03-31T00:00:00,,,,,,,Healed,0.2949712228257764
2022-04-01T00:00:00,,,,,,,Healed,0.29504385543383044
2022-04-02T00:00:00,,,,,,,Healed,0.2951142075553152
2022-04-03T00:00:00,,,,,,,Healed,0.29518209228613884
2022-04-04T00:00:00,,,,,,,Healed,0.2952472353266017
2022-04-05T00:00:00,,,,,,,Healed,0.2953097198701593
2022-04-06T00:00:00,,,,,,,Healed,0.2953700929957889
2022-04-07T00:00:00,,,,,,,Healed,0.2954287517180296
2022-04-08T00:00:00,,,,,,,Healed,0.29548594507947645
2022-04-09T00:00:00,,,,,,,Healed,0.2955417741507805
2022-04-10T00:00:00,,,,,,,Healed,0.29559619203064863
2022-04-11T00:00:00,,,,,,,Healed,0.2956490038458438
2022-04-12T00:00:00,,,,,,,Healed,0.29569986675118487
2022-04-13T00:00:00,,,,,,,Healed,0.2957483344220819
2022-04-14T00:00:00,,,,,,,Healed,0.29579475930321597
2022-04-15T00:00:00,,,,,,,Healed,0.2958397230974644
2022-04-16T00:00:00,,,,,,,Healed,0.29588355373406244
2022-04-17T00:00:00,,,,,,,Healed,0.29592642851921885
2022-04-18T00:00:00,,,,,,,Healed,0.295968374136116
2022-04-19T00:00:00,,,,,,,Healed,0.29600926664490973
2022-04-20T00:00:00,,,,,,,Healed,0.2960488314827296
2022-04-21T00:00:00,,,,,,,Healed,0.29608664346367863
2022-04-22T00:00:00,,,,,,,Healed,0.2961226160055098
2022-04-23T00:00:00,,,,,,,Healed,0.29615736786722346
2022-04-24T00:00:00,,,,,,,Healed,0.296191202327047
2022-04-25T00:00:00,,,,,,,Healed,0.2962242990658732
2022-04-26T00:00:00,,,,,,,Healed,0.29625671554830485
2022-04-27T00:00:00,,,,,,,Healed,0.296288387022654
2022-04-28T00:00:00,,,,,,,Healed,0.2963191265209424
2022-04-29T00:00:00,,,,,,,Healed,0.29634862485890134
2022-04-30T00:00:00,,,,,,,Healed,0.2963767270814607
2022-05-01T00:00:00,,,,,,,Healed,0.29640400363901814
2022-01-01T00:00:00,,,,,,,Extinct,0.0
2022-01-02T00:00:00,,,,,,,Extinct,1.9961381071581814e-06
2022-01-03T00:00:00,,,,,,,Extinct,1.1558475215006882e-05
2022-01-04T00:00:00,,,,,,,Extinct,3.162281533416149e-05
2022-01-05T00:00:00,,,,,,,Extinct,6.30552032568374e-05
2022-01-06T00:00:00,,,,,,,Extinct,0.00010561765074771341
2022-01-07T00:00:00,,,,,,,Extinct,0.00015853588198359796
2022-01-08T00:00:00,,,,,,,Extinct,0.00022082166599956225
2022-01-09T00:00:00,,,,,,,Extinct,0.00029145412339918813
2022-01-10T00:00:00,,,,,,,Extinct,0.00036946490553321093
2022-01-11T00:00:00,,,,,,,Extinct,0.0004539766428334434
2022-01-12T00:00:00,,,,,,,Extinct,0.000544216977627316
2022-01-13T00:00:00,,,,,,,Extinct,0.0006395103642356585
2022-01-14T00:00:00,,,,,,,Extinct,0.0007392707779553001
2022-01-15T00:00:00,,,,,,,Extinct,0.0008429882547486966
2022-01-16T00:00:00,,,,,,,Extinct,0.0009502155868622249
2022-01-17T00:00:00,,,,,,,Extinct,0.001060558101527601
2022-01-18T00:00:00,,,,,,,Extinct,0.0011736650338336745
2022-01-19T00:00:00,,,,,,,Extinct,0.0012892185724595415
2022-01-20T00:00:00,,,,,,,Extinct,0.0014069310292876428
2022-01-21T00:00:00,,,,,,,Extinct,0.0015265390761089403
2022-01-22T00:00:00,,,,,,,Extinct,0.0016477973317146931
2022-01-23T00:00:00,,,,,,,Extinct,0.0017704789918974726
2022-01-24T00:00:00,,,,,,,Extinct,0.0018943726033825191
2022-01-25T00:00:00,,,,,,,Extinct,0.0020192782892891337
2022-01-26T00:00:00,,,,,,,Extinct,0.002145008501313745
2022-01-27T00:00:00,,,,,,,Extinct,0.0022713875580845804
2022-01-28T00:00:00,,,,,,,Extinct,0.002398248943886199
2022-01-29T00:00:00,,,,,,,Extinct,0.002525435161425925
2022-01-30T00:00:00,,,,,,,Extinct,0.0026527984525159696
2022-01-31T00:00:00,,,,,,,Extinct,0.0027801995771043453
2022-02-01T00:00:00,,,,,,,Extinct,0.002907506976145139
2022-02-02T00:00:00,,,,,,,Extinct,0.003034596779448764
2022-02-03T00:00:00,,,,,,,Extinct,0.0031613530192603147
2022-02-04T00:00:00,,,,,,,Extinct,0.003287666983893644
2022-02-05T00:00:00,,,,,,,Extinct,0.003413436595676588
2022-02-06T00:00:00,,,,,,,Extinct,0.003538566391895454
2022-02-07T00:00:00,,,,,,,Extinct,0.0036629673677080503
2022-02-08T00:00:00,,,,,,,Extinct,0.0037865569246830866
2022-02-09T00:00:00,,,,,,,Extinct,0.003909258246021392
2022-02-10T00:00:00,,,,,,,Extinct,0.004030999928238558
2022-02-11T00:00:00,,,,,,,Extinct,0.00415171598113425
2022-02-12T00:00:00,,,,,,,Extinct,0.004271345668029155
2022-02-13T00:00:00,,,,,,,Extinct,0.004389833183156724
2022-02-14T00:00:00,,,,,,,Extinct,0.004507127713077752
2022-02-15T00:00:00,,,,,,,Extinct,0.004623182588029456
2022-02-16T00:00:00,,,,,,,Extinct,0.0047379552322655075
2022-02-17T00:00:00,,,,,,,Extinct,0.0048514071640560355
2022-02-18T00:00:00,,,,,,,Extinct,0.004963503872714814
2022-02-19T00:00:00,,,,,,,Extinct,0.005074214289261733
2022-02-20T00:00:00,,,,,,,Extinct,0.005183511411622446
2022-02-21T00:00:00,,,,,,,Extinct,0.0052913712116169085
2022-02-22T00:00:00,,,,,,,Extinct,0.005397772472306581
2022-02-23T00:00:00,,,,,,,Extinct,0.005502696787994428
2022-02-24T00:00:00,,,,,,,Extinct,0.00560612856422492
2022-02-25T00:00:00,,,,,,,Extinct,0.005708054941397246
2022-02-26T00:00:00,,,,,,,Extinct,0.005808465156909534
2022-02-27T00:00:00,,,,,,,Extinct,0.005907351589087
2022-02-28T00:00:00,,,,,,,Extinct,0.006004708634757435
2022-03-01T00:00:00,,,,,,,Extinct,0.0061005323916554655
2022-03-02T00:00:00,,,,,,,Extinct,0.006194820658422558
2022-03-03T00:00:00,,,,,,,Extinct,0.006287572934607015
2022-03-04T00:00:00,,,,,,,Extinct,0.006378790420663989
2022-03-05T00:00:00,,,,,,,Extinct,0.006468476017554266
2022-03-06T00:00:00,,,,,,,Extinct,0.006556633749164553
2022-03-07T00:00:00,,,,,,,Extinct,0.006643269558785857
2022-03-08T00:00:00,,,,,,,Extinct,0.006728391039714917
2022-03-09T00:00:00,,,,,,,Extinct,0.006812006629247114
2022-03-10T00:00:00,,,,,,,Extinct,0.006894125608676465
2022-03-11T00:00:00,,,,,,,Extinct,0.006974758103295629
2022-03-12T00:00:00,,,,,,,Extinct,0.007053915082395905
2022-03-13T00:00:00,,,,,,,Extinct,0.007131608359267229
2022-03-14T00:00:00,,,,,,,Extinct,0.00720785059119818
2022-03-15T00:00:00,,,,,,,Extinct,0.007282655263695553
2022-03-16T00:00:00,,,,,,,Extinct,0.0073560364191214336
2022-03-17T00:00:00,,,,,,,Extinct,0.00742800912098765
2022-03-18T00:00:00,,,,,,,Extinct,0.00749858897074649
2022-03-19T00:00:00,,,,,,,Extinct,0.007567791898972786
2022-03-20T00:00:00,,,,,,,Extinct,0.007635634165363915
2022-03-21T00:00:00,,,,,,,Extinct,0.0077021323587398004
2022-03-22T00:00:00,,,,,,,Extinct,0.007767303397042903
2022-03-23T00:00:00,,,,,,,Extinct,0.007831164527338234
2022-03-24T00:00:00,,,,,,,Extinct,0.007893733325813345
2022-03-25T00:00:00,,,,,,,Extinct,0.007955027697778342
2022-03-26T00:00:00,,,,,,,Extinct,0.008015065864723976
2022-03-27T00:00:00,,,,,,,Extinct,0.00807386597479724
2022-03-28T00:00:00,,,,,,,Extinct,0.008131446090124186
2022-03-29T00:00:00,,,,,,,Extinct,0.00818782442851293
2022-03-30T00:00:00,,,,,,,Extinct,0.008243019367154939
2022-03-31T00:00:00,,,,,,,Extinct,0.00829704944262502
2022-04-01T00:00:00,,,,,,,Extinct,0.00834993335088134
2022-04-02T00:00:00,,,,,,,Extinct,0.008401689947265397
2022-04-03T00:00:00,,,,,,,Extinct,0.008452338246502052
2022-04-04T00:00:00,,,,,,,Extinct,0.008501897414379234
2022-04-05T00:00:00,,,,,,,Extinct,0.008550385948621265
2022-04-06T00:00:00,,,,,,,Extinct,0.008597821500051265
2022-04-07T00:00:00,,,,,,,Extinct,0.008644221886649733
2022-04-08T00:00:00,,,,,,,Extinct,0.008689605060076029
2022-04-09T00:00:00,,,,,,,Extinct,0.008733989105668359
2022-04-10T00:00:00,,,,,,,Extinct,0.008777392242443782
2022-04-11T00:00:00,,,,,,,Extinct,0.008819832823098216
2022-04-12T00:00:00,,,,,,,Extinct,0.008861329334006423
2022-04-13T00:00:00,,,,,,,Extinct,0.008901900310262327
2022-04-14T00:00:00,,,,,,,Extinct,0.008941562633850446
2022-04-15T00:00:00,,,,,,,Extinct,0.008980332619015562
2022-04-16T00:00:00,,,,,,,Extinct,0.00901822686360975
2022-04-17T00:00:00,,,,,,,Extinct,0.00905526204422935
2022-04-18T00:00:00,,,,,,,Extinct,0.009091454916214959
2022-04-19T00:00:00,,,,,,,Extinct,0.009126822313651436
2022-04-20T00:00:00,,,,,,,Extinct,0.009161381149367894
2022-04-21T00:00:00,,,,,,,Extinct,0.009195148414937711
2022-04-22T00:00:00,,,,,,,Extinct,0.009228140253823623
2022-04-23T00:00:00,,,,,,,Extinct,0.009260371277849648
2022-04-24T00:00:00,,,,,,,Extinct,0.009291856481128714
2022-04-25T00:00:00,,,,,,,Extinct,0.009322610863799721
2022-04-26T00:00:00,,,,,,,Extinct,0.009352649429392965
2022-04-27T00:00:00,,,,,,,Extinct,0.00938198718483013
2022-04-28T00:00:00,,,,,,,Extinct,0.009410639140424299
2022-04-29T00:00:00,,,,,,,Extinct,0.009438620309879948
2022-04-30T00:00:00,,,,,,,Extinct,0.009465945190230422
2022-05-01T00:00:00,,,,,,,Extinct,0.00949262668860097
2022-01-01T00:00:00,,,,,,,Diagnosed,0.024301402107660745
2022-01-02T00:00:00,,,,,,,Diagnosed,0.027327242978649385
2022-01-03T00:00:00,,,,,,,Diagnosed,0.028245643329337714
2022-01-04T00:00:00,,,,,,,Diagnosed,0.02779792658566294
2022-01-05T00:00:00,,,,,,,Diagnosed,0.026503012632637296
2022-01-06T00:00:00,,,,,,,Diagnosed,0.0247201992841708
2022-01-07T00:00:00,,,,,,,Diagnosed,0.022694654855317815
2022-01-08T00:00:00,,,,,,,Diagnosed,0.020590210728236667
2022-01-09T00:00:00,,,,,,,Diagnosed,0.018513451398929133
2022-01-10T00:00:00,,,,,,,Diagnosed,0.0165308102299008
2022-01-11T00:00:00,,,,,,,Diagnosed,0.014680507100355893
2022-01-12T00:00:00,,,,,,,Diagnosed,0.012982252253208702
2022-01-13T00:00:00,,,,,,,Diagnosed,0.011442374079591606
2022-01-14T00:00:00,,,,,,,Diagnosed,0.010059469512772834
2022-01-15T00:00:00,,,,,,,Diagnosed,0.008826514485352288
2022-01-16T00:00:00,,,,,,,Diagnosed,0.007733598961028768
2022-01-17T00:00:00,,,,,,,Diagnosed,0.0067694692164139295
2022-01-18T00:00:00,,,,,,,Diagnosed,0.005921848521341683
2022-01-19T00:00:00,,,,,,,Diagnosed,0.0051790376938805945
2022-01-20T00:00:00,,,,,,,Diagnosed,0.004529602287392639
2022-01-21T00:00:00,,,,,,,Diagnosed,0.003962756946488872
2022-01-22T00:00:00,,,,,,,Diagnosed,0.0034688335483547125
2022-01-23T00:00:00,,,,,,,Diagnosed,0.0030389204453527773
2022-01-24T00:00:00,,,,,,,Diagnosed,0.00266497025003266
2022-01-25T00:00:00,,,,,,,Diagnosed,0.0023399099771474704
2022-01-26T00:00:00,,,,,,,Diagnosed,0.002057455274705178
2022-01-27T00:00:00,,,,,,,Diagnosed,0.0018120318660404333
2022-01-28T00:00:00,,,,,,,Diagnosed,0.0015987554967613724
2022-01-29T00:00:00,,,,,,,Diagnosed,0.0014133769549928938
2022-01-30T00:00:00,,,,,,,Diagnosed,0.0012521743197595563
2022-01-31T00:00:00,,,,,,,Diagnosed,0.0011119235385326231
2022-02-01T00:00:00,,,,,,,Diagnosed,0.0009897969766195869
2022-02-02T00:00:00,,,,,,,Diagnosed,0.0008833440497839351
2022-02-03T00:00:00,,,,,,,Diagnosed,0.0007904528778146526
2022-02-04T00:00:00,,,,,,,Diagnosed,0.000709325098301735
2022-02-05T00:00:00,,,,,,,Diagnosed,0.0006383709237834093
2022-02-06T00:00:00,,,,,,,Diagnosed,0.0005762016907775872
2022-02-07T00:00:00,,,,,,,Diagnosed,0.0005216163030229814
2022-02-08T00:00:00,,,,,,,Diagnosed,0.0004736230736772378
2022-02-09T00:00:00,,,,,,,Diagnosed,0.0004313669725193788
2022-02-10T00:00:00,,,,,,,Diagnosed,0.0003940820956174312
2022-02-11T00:00:00,,,,,,,Diagnosed,0.00036109166160839694
2022-02-12T00:00:00,,,,,,,Diagnosed,0.0003318065791725924
2022-02-13T00:00:00,,,,,,,Diagnosed,0.00030574884785311573
2022-02-14T00:00:00,,,,,,,Diagnosed,0.00028252930857818645
2022-02-15T00:00:00,,,,,,,Diagnosed,0.0002617935702050827
2022-02-16T00:00:00,,,,,,,Diagnosed,0.00024322004936419716
2022-02-17T00:00:00,,,,,,,Diagnosed,0.00022651997045903746
2022-02-18T00:00:00,,,,,,,Diagnosed,0.00021143819847674173
2022-02-19T00:00:00,,,,,,,Diagnosed,0.00019777615592830075
2022-02-20T00:00:00,,,,,,,Diagnosed,0.00018538253073777629
2022-02-21T00:00:00,,,,,,,Diagnosed,0.00017411746967867583
2022-02-22T00:00:00,,,,,,,Diagnosed,0.00016385069986818245
2022-02-23T00:00:00,,,,,,,Diagnosed,0.0001544615287671549
2022-02-24T00:00:00,,,,,,,Diagnosed,0.00014583884418012738
2022-02-25T00:00:00,,,,,,,Diagnosed,0.00013788179218875697
2022-02-26T00:00:00,,,,,,,Diagnosed,0.00013051729273736045
2022-02-27T00:00:00,,,,,,,Diagnosed,0.00012369510439641407
2022-02-28T00:00:00,,,,,,,Diagnosed,0.00011736738962164004
2022-03-01T00:00:00,,,,,,,Diagnosed,0.00011148821578725195
2022-03-02T00:00:00,,,,,,,Diagnosed,0.00010601355518595479
2022-03-03T00:00:00,,,,,,,Diagnosed,0.00010090128502894515
2022-03-04T00:00:00,,,,,,,Diagnosed,9.611118744591059e-05
2022-03-05T00:00:00,,,,,,,Diagnosed,9.160495228057239e-05
2022-03-06T00:00:00,,,,,,,Diagnosed,8.735444450825975e-05
2022-03-07T00:00:00,,,,,,,Diagnosed,8.33454561365647e-05
2022-03-08T00:00:00,,,,,,,Diagnosed,7.95628296239176e-05
2022-03-09T00:00:00,,,,,,,Diagnosed,7.599162126228365e-05
2022-03-10T00:00:00,,,,,,,Diagnosed,7.261710117716292e-05
2022-03-11T00:00:00,,,,,,,Diagnosed,6.942475332759031e-05
2022-03-12T00:00:00,,,,,,,Diagnosed,6.640027550613554e-05
2022-03-13T00:00:00,,,,,,,Diagnosed,6.352957933890327e-05
2022-03-14T00:00:00,,,,,,,Diagnosed,6.0798790285532995e-05
2022-03-15T00:00:00,,,,,,,Diagnosed,5.8194520234893324e-05
2022-03-16T00:00:00,,,,,,,Diagnosed,5.5711430981618865e-05
2022-03-17T00:00:00,,,,,,,Diagnosed,5.334492383881942e-05
2022-03-18T00:00:00,,,,,,,Diagnosed,5.10886130262081e-05
2022-03-19T00:00:00,,,,,,,Diagnosed,4.8936431129814324e-05
2022-03-20T00:00:00,,,,,,,Diagnosed,4.6882629101983854e-05
2022-03-21T00:00:00,,,,,,,Diagnosed,4.492177626137875e-05
2022-03-22T00:00:00,,,,,,,Diagnosed,4.304876029297751e-05
2022-03-23T00:00:00,,,,,,,Diagnosed,4.125878724807486e-05
2022-03-24T00:00:00,,,,,,,Diagnosed,3.954738154428188e-05
2022-03-25T00:00:00,,,,,,,Diagnosed,3.791038596552584e-05
2022-03-26T00:00:00,,,,,,,Diagnosed,3.634443975003655e-05
2022-03-27T00:00:00,,,,,,,Diagnosed,3.484646183162773e-05
2022-03-28T00:00:00,,,,,,,Diagnosed,3.341233430255771e-05
2022-03-29T00:00:00,,,,,,,Diagnosed,3.203838862651681e-05
2022-03-30T00:00:00,,,,,,,Diagnosed,3.072144666803368e-05
2022-03-31T00:00:00,,,,,,,Diagnosed,2.9458820692475304e-05
2022-04-01T00:00:00,,,,,,,Diagnosed,2.824831336604694e-05
2022-04-02T00:00:00,,,,,,,Diagnosed,2.708821775579229e-05
2022-04-03T00:00:00,,,,,,,Diagnosed,2.597731732959325e-05
2022-04-04T00:00:00,,,,,,,Diagnosed,2.491486235525954e-05
2022-04-05T00:00:00,,,,,,,Diagnosed,2.389855379602428e-05
2022-04-06T00:00:00,,,,,,,Diagnosed,2.2924692811072803e-05
2022-04-07T00:00:00,,,,,,,Diagnosed,2.1990388820438524e-05
2022-04-08T00:00:00,,,,,,,Diagnosed,2.1093308552485248e-05
2022-04-09T00:00:00,,,,,,,Diagnosed,2.0231676043907155e-05
2022-04-10T00:00:00,,,,,,,Diagnosed,1.9404272639728813e-05
2022-04-11T00:00:00,,,,,,,Diagnosed,1.861043699330513e-05
2022-04-12T00:00:00,,,,,,,Diagnosed,1.7850065066321448e-05
2022-04-13T00:00:00,,,,,,,Diagnosed,1.7123455262201014e-05
2022-04-14T00:00:00,,,,,,,Diagnosed,1.6428252732572862e-05
2022-04-15T00:00:00,,,,,,,Diagnosed,1.5761507349174452e-05
2022-04-16T00:00:00,,,,,,,Diagnosed,1.5121165125287809e-05
2022-04-17T00:00:00,,,,,,,Diagnosed,1.4505684596684857e-05
2022-04-18T00:00:00,,,,,,,Diagnosed,1.3914036821627411e-05
2022-04-19T00:00:00,,,,,,,Diagnosed,1.3345705380867162e-05
2022-04-20T00:00:00,,,,,,,Diagnosed,1.2800686377645748e-05
2022-04-21T00:00:00,,,,,,,Diagnosed,1.2279488437694649e-05
2022-04-22T00:00:00,,,,,,,Diagnosed,1.1781587209890175e-05
2022-04-23T00:00:00,,,,,,,Diagnosed,1.1304294494054275e-05
2022-04-24T00:00:00,,,,,,,Diagnosed,1.0845958522195186e-05
2022-04-25T00:00:00,,,,,,,Diagnosed,1.0405336119592443e-05
2022-04-26T00:00:00,,,,,,,Diagnosed,9.981588308237998e-06
2022-04-27T00:00:00,,,,,,,Diagnosed,9.574280306836234e-06
2022-04-28T00:00:00,,,,,,,Diagnosed,9.183381530803948e-06
2022-04-29T00:00:00,,,,,,,Diagnosed,8.809265592270356e-06
2022-04-30T00:00:00,,,,,,,Diagnosed,8.45185769392649e-06
2022-05-01T00:00:00,,,,,,,Diagnosed,8.108869457940499e-06
2022-01-01T00:00:00,,,,,,,Ailing,0.0012150701017378269
2022-01-02T00:00:00,,,,,,,Ailing,0.02225677395774647
2022-01-03T00:00:00,,,,,,,Ailing,0.030888036311885757
2022-01-04T00:00:00,,,,,,,Ailing,0.03264409907322527
2022-01-05T00:00:00,,,,,,,Ailing,0.030848043919749726
2022-01-06T00:00:00,,,,,,,Ailing,0.02744581446277931
2022-01-07T00:00:00,,,,,,,Ailing,0.023536253847422993
2022-01-08T00:00:00,,,,,,,Ailing,0.0197039271721543
2022-01-09T00:00:00,,,,,,,Ailing,0.016232305104623986
2022-01-10T00:00:00,,,,,,,Ailing,0.013230634689284983
2022-01-11T00:00:00,,,,,,,Ailing,0.01071085615091485
2022-01-12T00:00:00,,,,,,,Ailing,0.008640619349797575
2022-01-13T00:00:00,,,,,,,Ailing,0.006962811157510877
2022-01-14T00:00:00,,,,,,,Ailing,0.005618133633816714
2022-01-15T00:00:00,,,,,,,Ailing,0.004547886115819854
2022-01-16T00:00:00,,,,,,,Ailing,0.0036999059991649976
2022-01-17T00:00:00,,,,,,,Ailing,0.0030305858827546902
2022-01-18T00:00:00,,,,,,,Ailing,0.0025022802339672878
2022-01-19T00:00:00,,,,,,,Ailing,0.002085358757299294
2022-01-20T00:00:00,,,,,,,Ailing,0.0017557263438598525
2022-01-21T00:00:00,,,,,,,Ailing,0.0014941817831838307
2022-01-22T00:00:00,,,,,,,Ailing,0.0012856951904928538
2022-01-23T00:00:00,,,,,,,Ailing,0.0011185331372887768
2022-01-24T00:00:00,,,,,,,Ailing,0.0009836677431873026
2022-01-25T00:00:00,,,,,,,Ailing,0.0008738744699501983
2022-01-26T00:00:00,,,,,,,Ailing,0.0007836096862481927
2022-01-27T00:00:00,,,,,,,Ailing,0.0007088340066728712
2022-01-28T00:00:00,,,,,,,Ailing,0.0006462406513518382
2022-01-29T00:00:00,,,,,,,Ailing,0.0005931436191058681
2022-01-30T00:00:00,,,,,,,Ailing,0.0005476590907137944
2022-01-31T00:00:00,,,,,,,Ailing,0.0005083859758348441
2022-02-01T00:00:00,,,,,,,Ailing,0.00047410252176777467
2022-02-02T00:00:00,,,,,,,Ailing,0.0004437782237022259
2022-02-03T00:00:00,,,,,,,Ailing,0.00041673874615875094
2022-02-04T00:00:00,,,,,,,Ailing,0.0003924964654297902
2022-02-05T00:00:00,,,,,,,Ailing,0.0003706021805996497
2022-02-06T00:00:00,,,,,,,Ailing,0.0003506440171948273
2022-02-07T00:00:00,,,,,,,Ailing,0.0003322989225739824
2022-02-08T00:00:00,,,,,,,Ailing,0.00031538913814577706
2022-02-09T00:00:00,,,,,,,Ailing,0.0002997521689011069
2022-02-10T00:00:00,,,,,,,Ailing,0.00028523233978583164
2022-02-11T00:00:00,,,,,,,Ailing,0.0002716807991362442
2022-02-12T00:00:00,,,,,,,Ailing,0.00025896646232390167
2022-02-13T00:00:00,,,,,,,Ailing,0.00024702054638235817
2022-02-14T00:00:00,,,,,,,Ailing,0.0002357801271079804
2022-02-15T00:00:00,,,,,,,Ailing,0.00022518440650294737
2022-02-16T00:00:00,,,,,,,Ailing,0.00021517629197835773
2022-02-17T00:00:00,,,,,,,Ailing,0.00020570239635422956
2022-02-18T00:00:00,,,,,,,Ailing,0.00019671511010646366
2022-02-19T00:00:00,,,,,,,Ailing,0.0001881840799495187
2022-02-20T00:00:00,,,,,,,Ailing,0.00018007634548933393
2022-02-21T00:00:00,,,,,,,Ailing,0.00017236128408629594
2022-02-22T00:00:00,,,,,,,Ailing,0.00016501259137978395
2022-02-23T00:00:00,,,,,,,Ailing,0.00015800828128816982
2022-02-24T00:00:00,,,,,,,Ailing,0.00015133068600881784
2022-02-25T00:00:00,,,,,,,Ailing,0.00014496666809834917
2022-02-26T00:00:00,,,,,,,Ailing,0.00013890217912646593
2022-02-27T00:00:00,,,,,,,Ailing,0.00013311095313146105
2022-02-28T00:00:00,,,,,,,Ailing,0.00012756981477624242
2022-03-01T00:00:00,,,,,,,Ailing,0.00012226114355629627
2022-03-02T00:00:00,,,,,,,Ailing,0.00011717287379968722
2022-03-03T00:00:00,,,,,,,Ailing,0.00011229849466705844
2022-03-04T00:00:00,,,,,,,Ailing,0.00010763705015163087
2022-03-05T00:00:00,,,,,,,Ailing,0.00010319314591108626
2022-03-06T00:00:00,,,,,,,Ailing,9.89772503942781e-05
2022-03-07T00:00:00,,,,,,,Ailing,9.49621677907128e-05
2022-03-08T00:00:00,,,,,,,Ailing,9.110991140826476e-05
2022-03-09T00:00:00,,,,,,,Ailing,8.73933322626e-05
2022-03-10T00:00:00,,,,,,,Ailing,8.379611907717623e-05
2022-03-11T00:00:00,,,,,,,Ailing,8.031279828324265e-05
2022-03-12T00:00:00,,,,,,,Ailing,7.694873401984014e-05
2022-03-13T00:00:00,,,,,,,Ailing,7.372012813380133e-05
2022-03-14T00:00:00,,,,,,,Ailing,7.065402017975037e-05
2022-03-15T00:00:00,,,,,,,Ailing,6.779098845417548e-05
2022-03-16T00:00:00,,,,,,,Ailing,6.519060403268021e-05
2022-03-17T00:00:00,,,,,,,Ailing,6.276236319643081e-05
2022-03-18T00:00:00,,,,,,,Ailing,6.0401982026293515e-05
2022-03-19T00:00:00,,,,,,,Ailing,5.803940478432956e-05
2022-03-20T00:00:00,,,,,,,Ailing,5.563880391379513e-05
2022-03-21T00:00:00,,,,,,,Ailing,5.319858003914135e-05
2022-03-22T00:00:00,,,,,,,Ailing,5.0751361966014585e-05
2022-03-23T00:00:00,,,,,,,Ailing,4.836400668125591e-05
2022-03-24T00:00:00,,,,,,,Ailing,4.6137599352901486e-05
2022-03-25T00:00:00,,,,,,,Ailing,4.420745333018205e-05
2022-03-26T00:00:00,,,,,,,Ailing,4.272870160945715e-05
2022-03-27T00:00:00,,,,,,,Ailing,4.1564083774175995e-05
2022-03-28T00:00:00,,,,,,,Ailing,4.041705771353342e-05
2022-03-29T00:00:00,,,,,,,Ailing,3.908678844730001e-05
2022-03-30T00:00:00,,,,,,,Ailing,3.7471552660861005e-05
2022-03-31T00:00:00,,,,,,,Ailing,3.5568738705216404e-05
2022-04-01T00:00:00,,,,,,,Ailing,3.3474846596980526e-05
2022-04-02T00:00:00,,,,,,,Ailing,3.1385488018383095e-05
2022-04-03T00:00:00,,,,,,,Ailing,2.9595386317267666e-05
2022-04-04T00:00:00,,,,,,,Ailing,2.8493534823862084e-05
2022-04-05T00:00:00,,,,,,,Ailing,2.806542015107667e-05
2022-04-06T00:00:00,,,,,,,Ailing,2.7777731310738904e-05
2022-04-07T00:00:00,,,,,,,Ailing,2.7262817395890612e-05
2022-04-08T00:00:00,,,,,,,Ailing,2.6315126148030564e-05
2022-04-09T00:00:00,,,,,,,Ailing,2.489120395711432e-05
2022-04-10T00:00:00,,,,,,,Ailing,2.3109695861554636e-05
2022-04-11T00:00:00,,,,,,,Ailing,2.1251345548220565e-05
2022-04-12T00:00:00,,,,,,,Ailing,1.975899535243849e-05
2022-04-13T00:00:00,,,,,,,Ailing,1.9188153510795665e-05
2022-04-14T00:00:00,,,,,,,Ailing,1.920466157606902e-05
2022-04-15T00:00:00,,,,,,,Ailing,1.9217768101620335e-05
2022-04-16T00:00:00,,,,,,,Ailing,1.8916851865606033e-05
2022-04-17T00:00:00,,,,,,,Ailing,1.8156810537944793e-05
2022-04-18T00:00:00,,,,,,,Ailing,1.695806068031756e-05
2022-04-19T00:00:00,,,,,,,Ailing,1.5506537746167054e-05
2022-04-20T00:00:00,,,,,,,Ailing,1.415369608069899e-05
2022-04-21T00:00:00,,,,,,,Ailing,1.3416508920880549e-05
2022-04-22T00:00:00,,,,,,,Ailing,1.3434541722884496e-05
2022-04-23T00:00:00,,,,,,,Ailing,1.3562843309534407e-05
2022-04-24T00:00:00,,,,,,,Ailing,1.3505153849462569e-05
2022-04-25T00:00:00,,,,,,,Ailing,1.3101140738774108e-05
2022-04-26T00:00:00,,,,,,,Ailing,1.2324866210433425e-05
2022-04-27T00:00:00,,,,,,,Ailing,1.1284787334264428e-05
2022-04-28T00:00:00,,,,,,,Ailing,1.0223756016950058e-05
2022-04-29T00:00:00,,,,,,,Ailing,9.519019002032967e-06
2022-04-30T00:00:00,,,,,,,Ailing,9.3754340777533e-06
2022-05-01T00:00:00,,,,,,,Ailing,9.19170975224176e-06
2022-01-01T00:00:00,,,,,,,Recognized,0.0024301402107660746
2022-01-02T00:00:00,,,,,,,Recognized,0.003410496081620508
2022-01-03T00:00:00,,,,,,,Recognized,0.0046478620105542805
2022-01-04T00:00:00,,,,,,,Recognized,0.005917996059538928
2022-01-05T00:00:00,,,,,,,Recognized,0.007099155673069128
2022-01-06T00:00:00,,,,,,,Recognized,0.00813207501837292
2022-01-07T00:00:00,,,,,,,Recognized,0.008994647579360178
2022-01-08T00:00:00,,,,,,,Recognized,0.009686128407248753
2022-01-09T00:00:00,,,,,,,Recognized,0.010217115080896738
2022-01-10T00:00:00,,,,,,,Recognized,0.010603701284688783
2022-01-11T00:00:00,,,,,,,Recognized,0.010864025698503813
2022-01-12T00:00:00,,,,,,,Recognized,0.01101599038280997
2022-01-13T00:00:00,,,,,,,Recognized,0.01107654787607555
2022-01-14T00:00:00,,,,,,,Recognized,0.01106087411463895
2022-01-15T00:00:00,,,,,,,Recognized,0.010982419858797407
2022-01-16T00:00:00,,,,,,,Recognized,0.010852854681242459
2022-01-17T00:00:00,,,,,,,Recognized,0.010682136348961185
2022-01-18T00:00:00,,,,,,,Recognized,0.01047878245662196
2022-01-19T00:00:00,,,,,,,Recognized,0.010249965477980775
2022-01-20T00:00:00,,,,,,,Recognized,0.010001708074337971
2022-01-21T00:00:00,,,,,,,Recognized,0.009739050432179984
2022-01-22T00:00:00,,,,,,,Recognized,0.009466215596128735
2022-01-23T00:00:00,,,,,,,Recognized,0.009186687333833795
2022-01-24T00:00:00,,,,,,,Recognized,0.0089033351547112
2022-01-25T00:00:00,,,,,,,Recognized,0.008618560947846176
2022-01-26T00:00:00,,,,,,,Recognized,0.008334322305566648
2022-01-27T00:00:00,,,,,,,Recognized,0.00805217721838638
2022-01-28T00:00:00,,,,,,,Recognized,0.0077734193921102784
2022-01-29T00:00:00,,,,,,,Recognized,0.007499102135408044
2022-01-30T00:00:00,,,,,,,Recognized,0.007230030229947065
2022-01-31T00:00:00,,,,,,,Recognized,0.006966820651688484
2022-02-01T00:00:00,,,,,,,Recognized,0.006709970942975954
2022-02-02T00:00:00,,,,,,,Recognized,0.006459861986014085
2022-02-03T00:00:00,,,,,,,Recognized,0.006216743468776687
2022-02-04T00:00:00,,,,,,,Recognized,0.005980765601396014
2022-02-05T00:00:00,,,,,,,Recognized,0.005752028240195227
2022-02-06T00:00:00,,,,,,,Recognized,0.005530582974967801
2022-02-07T00:00:00,,,,,,,Recognized,0.005316429530079025
2022-02-08T00:00:00,,,,,,,Recognized,0.005109500809598309
2022-02-09T00:00:00,,,,,,,Recognized,0.004909701533133059
2022-02-10T00:00:00,,,,,,,Recognized,0.00471692287374971
2022-02-11T00:00:00,,,,,,,Recognized,0.004531042458536528
2022-02-12T00:00:00,,,,,,,Recognized,0.004351922966784008
2022-02-13T00:00:00,,,,,,,Recognized,0.004179397537964212
2022-02-14T00:00:00,,,,,,,Recognized,0.004013284354645239
2022-02-15T00:00:00,,,,,,,Recognized,0.003853402586025669
2022-02-16T00:00:00,,,,,,,Recognized,0.003699572691969179
2022-02-17T00:00:00,,,,,,,Recognized,0.0035516164230045455
2022-02-18T00:00:00,,,,,,,Recognized,0.0034093559738658016
2022-02-19T00:00:00,,,,,,,Recognized,0.003272603096080909
2022-02-20T00:00:00,,,,,,,Recognized,0.0031411659558874447
2022-02-21T00:00:00,,,,,,,Recognized,0.0030148583916240076
2022-02-22T00:00:00,,,,,,,Recognized,0.0028934999386372984
2022-02-23T00:00:00,,,,,,,Recognized,0.002776915829282125
2022-02-24T00:00:00,,,,,,,Recognized,0.002664936992921396
2022-02-25T00:00:00,,,,,,,Recognized,0.0025573996196063594
2022-02-26T00:00:00,,,,,,,Recognized,0.0024541376282332626
2022-02-27T00:00:00,,,,,,,Recognized,0.0023549874269019567
2022-02-28T00:00:00,,,,,,,Recognized,0.002259791709403224
2022-03-01T00:00:00,,,,,,,Recognized,0.0021683987457659644
2022-03-02T00:00:00,,,,,,,Recognized,0.0020806623822571973
2022-03-03T00:00:00,,,,,,,Recognized,0.001996442041382061
2022-03-04T00:00:00,,,,,,,Recognized,0.0019156027218838036
2022-03-05T00:00:00,,,,,,,Recognized,0.0018380149964870845
2022-03-06T00:00:00,,,,,,,Recognized,0.0017635506536782706
2022-03-07T00:00:00,,,,,,,Recognized,0.0016920851066967067
2022-03-08T00:00:00,,,,,,,Recognized,0.0016235008705760676
2022-03-09T00:00:00,,,,,,,Recognized,0.0015576842764167187
2022-03-10T00:00:00,,,,,,,Recognized,0.0014945254713857172
2022-03-11T00:00:00,,,,,,,Recognized,0.0014339184187168097
2022-03-12T00:00:00,,,,,,,Recognized,0.001375760897710434
2022-03-13T00:00:00,,,,,,,Recognized,0.00131995450373372
2022-03-14T00:00:00,,,,,,,Recognized,0.0012664046482204886
2022-03-15T00:00:00,,,,,,,Recognized,0.0012150202689881423
2022-03-16T00:00:00,,,,,,,Recognized,0.0011657095614966617
2022-03-17T00:00:00,,,,,,,Recognized,0.0011183924457157993
2022-03-18T00:00:00,,,,,,,Recognized,0.0010729938086572167
2022-03-19T00:00:00,,,,,,,Recognized,0.0010294397322064672
2022-03-20T00:00:00,,,,,,,Recognized,0.0009876574931229952
2022-03-21T00:00:00,,,,,,,Recognized,0.0009475755630401363
2022-03-22T00:00:00,,,,,,,Recognized,0.00090912360846512
2022-03-23T00:00:00,,,,,,,Recognized,0.000872232490779065
2022-03-24T00:00:00,,,,,,,Recognized,0.0008368342662369817
2022-03-25T00:00:00,,,,,,,Recognized,0.0008028621859677691
2022-03-26T00:00:00,,,,,,,Recognized,0.0007702507342181042
2022-03-27T00:00:00,,,,,,,Recognized,0.0007389499737568452
2022-03-28T00:00:00,,,,,,,Recognized,0.0007089207184461168
2022-03-29T00:00:00,,,,,,,Recognized,0.0006801211633416795
2022-03-30T00:00:00,,,,,,,Recognized,0.0006525066808478471
2022-03-31T00:00:00,,,,,,,Recognized,0.0006260298207174873
2022-04-01T00:00:00,,,,,,,Recognized,0.0006006403100520194
2022-04-02T00:00:00,,,,,,,Recognized,0.0005762850533014186
2022-04-03T00:00:00,,,,,,,Recognized,0.0005529081322642104
2022-04-04T00:00:00,,,,,,,Recognized,0.0005304510265974328
2022-04-05T00:00:00,,,,,,,Recognized,0.0005088756962603825
2022-04-06T00:00:00,,,,,,,Recognized,0.0004881703802174798
2022-04-07T00:00:00,,,,,,,Recognized,0.000468317054188367
2022-04-08T00:00:00,,,,,,,Recognized,0.00044929133300705286
2022-04-09T00:00:00,,,,,,,Recognized,0.00043106247062191266
2022-04-10T00:00:00,,,,,,,Recognized,0.00041359336009568853
2022-04-11T00:00:00,,,,,,,Recognized,0.0003968405336054886
2022-04-12T00:00:00,,,,,,,Recognized,0.0003807541624427883
2022-04-13T00:00:00,,,,,,,Recognized,0.0003652803655432518
2022-04-14T00:00:00,,,,,,,Recognized,0.00035040817946189155
2022-04-15T00:00:00,,,,,,,Recognized,0.00033614001438343673
2022-04-16T00:00:00,,,,,,,Recognized,0.0003224660891304233
2022-04-17T00:00:00,,,,,,,Recognized,0.0003093697264749283
2022-04-18T00:00:00,,,,,,,Recognized,0.00029682735313857003
2022-04-19T00:00:00,,,,,,,Recognized,0.00028480849979250713
2022-04-20T00:00:00,,,,,,,Recognized,0.00027327580105744034
2022-04-21T00:00:00,,,,,,,Recognized,0.0002621849955036106
2022-04-22T00:00:00,,,,,,,Recognized,0.00025151036901019126
2022-04-23T00:00:00,,,,,,,Recognized,0.00024126395884308116
2022-04-24T00:00:00,,,,,,,Recognized,0.00023144221508834343
2022-04-25T00:00:00,,,,,,,Recognized,0.00022203582598741742
2022-04-26T00:00:00,,,,,,,Recognized,0.0002130297895437688
2022-04-27T00:00:00,,,,,,,Recognized,0.00020440341352288981
2022-04-28T00:00:00,,,,,,,Recognized,0.000196130315452299
2022-04-29T00:00:00,,,,,,,Recognized,0.00018817842262154128
2022-04-30T00:00:00,,,,,,,Recognized,0.00018052439747027078
2022-05-01T00:00:00,,,,,,,Recognized,0.0001731833780011745
2022-01-01T00:00:00,,,,,,,Susceptible,0.7290393665032278
2022-01-02T00:00:00,,,,,,,Susceptible,0.7269109607740479
2022-01-03T00:00:00,,,,,,,Susceptible,0.7248239966940442
2022-01-04T00:00:00,,,,,,,Susceptible,0.7228252824951354
2022-01-05T00:00:00,,,,,,,Susceptible,0.7209394587285383
2022-01-06T00:00:00,,,,,,,Susceptible,0.7191770753461509
2022-01-07T00:00:00,,,,,,,Susceptible,0.717539928801837
2022-01-08T00:00:00,,,,,,,Susceptible,0.7160245513881437
2022-01-09T00:00:00,,,,,,,Susceptible,0.7146245307817694
2022-01-10T00:00:00,,,,,,,Susceptible,0.713331958332395
2022-01-11T00:00:00,,,,,,,Susceptible,0.7121383306963154
2022-01-12T00:00:00,,,,,,,Susceptible,0.7110351892690491
2022-01-13T00:00:00,,,,,,,Susceptible,0.710014366304709
2022-01-14T00:00:00,,,,,,,Susceptible,0.7090682556272857
2022-01-15T00:00:00,,,,,,,Susceptible,0.7081898373405194
2022-01-16T00:00:00,,,,,,,Susceptible,0.7073727288232956
2022-01-17T00:00:00,,,,,,,Susceptible,0.7066111883844788
2022-01-18T00:00:00,,,,,,,Susceptible,0.7059000428162087
2022-01-19T00:00:00,,,,,,,Susceptible,0.7052346827991934
2022-01-20T00:00:00,,,,,,,Susceptible,0.7046109959083287
2022-01-21T00:00:00,,,,,,,Susceptible,0.7040253152320014
2022-01-22T00:00:00,,,,,,,Susceptible,0.7034743765392737
2022-01-23T00:00:00,,,,,,,Susceptible,0.7029552772329772
2022-01-24T00:00:00,,,,,,,Susceptible,0.702465431778925
2022-01-25T00:00:00,,,,,,,Susceptible,0.7020025240807157
2022-01-26T00:00:00,,,,,,,Susceptible,0.7015644883603277
2022-01-27T00:00:00,,,,,,,Susceptible,0.7011494858410487
2022-01-28T00:00:00,,,,,,,Susceptible,0.7007558539639775
2022-01-29T00:00:00,,,,,,,Susceptible,0.7003820941829876
2022-01-30T00:00:00,,,,,,,Susceptible,0.7000268654879418
2022-01-31T00:00:00,,,,,,,Susceptible,0.6996889595899828
2022-02-01T00:00:00,,,,,,,Susceptible,0.6993672690150565
2022-02-02T00:00:00,,,,,,,Susceptible,0.6990607843394763
2022-02-03T00:00:00,,,,,,,Susceptible,0.6987685943954449
2022-02-04T00:00:00,,,,,,,Susceptible,0.6984898727582479
2022-02-05T00:00:00,,,,,,,Susceptible,0.6982238514010305
2022-02-06T00:00:00,,,,,,,Susceptible,0.6979698192793877
2022-02-07T00:00:00,,,,,,,Susceptible,0.697727121298208
2022-02-08T00:00:00,,,,,,,Susceptible,0.6974951643513142
2022-02-09T00:00:00,,,,,,,Susceptible,0.6972733973240359
2022-02-10T00:00:00,,,,,,,Susceptible,0.6970613009554616
2022-02-11T00:00:00,,,,,,,Susceptible,0.6968583878377916
2022-02-12T00:00:00,,,,,,,Susceptible,0.6966642021890842
2022-02-13T00:00:00,,,,,,,Susceptible,0.6964783253623285
2022-02-14T00:00:00,,,,,,,Susceptible,0.6963003696608858
2022-02-15T00:00:00,,,,,,,Susceptible,0.6961299658417931
2022-02-16T00:00:00,,,,,,,Susceptible,0.6959667626835574
2022-02-17T00:00:00,,,,,,,Susceptible,0.6958104269861557
2022-02-18T00:00:00,,,,,,,Susceptible,0.695660643559483
2022-02-19T00:00:00,,,,,,,Susceptible,0.6955171192443922
2022-02-20T00:00:00,,,,,,,Susceptible,0.6953795816856336
2022-02-21T00:00:00,,,,,,,Susceptible,0.6952477699330036
2022-02-22T00:00:00,,,,,,,Susceptible,0.6951214337892272
2022-02-23T00:00:00,,,,,,,Susceptible,0.6950003338099585
2022-02-24T00:00:00,,,,,,,Susceptible,0.6948842413037808
2022-02-25T00:00:00,,,,,,,Susceptible,0.6947729383121692
2022-02-26T00:00:00,,,,,,,Susceptible,0.6946662198336067
2022-02-27T00:00:00,,,,,,,Susceptible,0.694563894902442
2022-02-28T00:00:00,,,,,,,Susceptible,0.6944657800880025
2022-03-01T00:00:00,,,,,,,Susceptible,0.6943716987368576
2022-03-02T00:00:00,,,,,,,Susceptible,0.6942814809728175
2022-03-03T00:00:00,,,,,,,Susceptible,0.6941949636969346
2022-03-04T00:00:00,,,,,,,Susceptible,0.6941119905875023
2022-03-05T00:00:00,,,,,,,Susceptible,0.6940324120996822
2022-03-06T00:00:00,,,,,,,Susceptible,0.6939560857510789
2022-03-07T00:00:00,,,,,,,Susceptible,0.6938828786348393
2022-03-08T00:00:00,,,,,,,Susceptible,0.6938126638559706
2022-03-09T00:00:00,,,,,,,Susceptible,0.6937453189074871
2022-03-10T00:00:00,,,,,,,Susceptible,0.6936807256704103
2022-03-11T00:00:00,,,,,,,Susceptible,0.6936187704137686
2022-03-12T00:00:00,,,,,,,Susceptible,0.6935593437945978
2022-03-13T00:00:00,,,,,,,Susceptible,0.6935023408579406
2022-03-14T00:00:00,,,,,,,Susceptible,0.6934476610368469
2022-03-15T00:00:00,,,,,,,Susceptible,0.6933952081599141
2022-03-16T00:00:00,,,,,,,Susceptible,0.6933448910654417
2022-03-17T00:00:00,,,,,,,Susceptible,0.6932966234354566
2022-03-18T00:00:00,,,,,,,Susceptible,0.6932503221134461
2022-03-19T00:00:00,,,,,,,Susceptible,0.6932059069438207
2022-03-20T00:00:00,,,,,,,Susceptible,0.693163300771915
2022-03-21T00:00:00,,,,,,,Susceptible,0.6931224294439874
2022-03-22T00:00:00,,,,,,,Susceptible,0.6930832218072195
2022-03-23T00:00:00,,,,,,,Susceptible,0.6930456097097166
2022-03-24T00:00:00,,,,,,,Susceptible,0.6930095280005081
2022-03-25T00:00:00,,,,,,,Susceptible,0.6929749145295466
2022-03-26T00:00:00,,,,,,,Susceptible,0.6929417100769422
2022-03-27T00:00:00,,,,,,,Susceptible,0.6929098570764302
2022-03-28T00:00:00,,,,,,,Susceptible,0.6928792996348597
2022-03-29T00:00:00,,,,,,,Susceptible,0.6928499842504287
2022-03-30T00:00:00,,,,,,,Susceptible,0.6928218598226714
2022-03-31T00:00:00,,,,,,,Susceptible,0.6927948776524594
2022-04-01T00:00:00,,,,,,,Susceptible,0.6927689914420004
2022-04-02T00:00:00,,,,,,,Susceptible,0.6927441572948393
2022-04-03T00:00:00,,,,,,,Susceptible,0.6927203337158575
2022-04-04T00:00:00,,,,,,,Susceptible,0.6926974815807555
2022-04-05T00:00:00,,,,,,,Susceptible,0.6926755613412243
2022-04-06T00:00:00,,,,,,,Susceptible,0.6926545327133912
2022-04-07T00:00:00,,,,,,,Susceptible,0.6926343577934656
2022-04-08T00:00:00,,,,,,,Susceptible,0.6926150008126614
2022-04-09T00:00:00,,,,,,,Susceptible,0.6925964281371968
2022-04-10T00:00:00,,,,,,,Susceptible,0.6925786082682949
2022-04-11T00:00:00,,,,,,,Susceptible,0.6925615118421826
2022-04-12T00:00:00,,,,,,,Susceptible,0.692545111630092
2022-04-13T00:00:00,,,,,,,Susceptible,0.6925293822650093
2022-04-14T00:00:00,,,,,,,Susceptible,0.6925142948656885
2022-04-15T00:00:00,,,,,,,Susceptible,0.6924998205560206
2022-04-16T00:00:00,,,,,,,Susceptible,0.6924859329180505
2022-04-17T00:00:00,,,,,,,Susceptible,0.6924726072998131
2022-04-18T00:00:00,,,,,,,Susceptible,0.6924598208153332
2022-04-19T00:00:00,,,,,,,Susceptible,0.6924475523446257
2022-04-20T00:00:00,,,,,,,Susceptible,0.6924357825336953
2022-04-21T00:00:00,,,,,,,Susceptible,0.6924244937945367
2022-04-22T00:00:00,,,,,,,Susceptible,0.6924136673916403
2022-04-23T00:00:00,,,,,,,Susceptible,0.6924032813863334
2022-04-24T00:00:00,,,,,,,Susceptible,0.6923933164791578
2022-04-25T00:00:00,,,,,,,Susceptible,0.6923837547187605
2022-04-26T00:00:00,,,,,,,Susceptible,0.6923745794934594
2022-04-27T00:00:00,,,,,,,Susceptible,0.6923657755312427
2022-04-28T00:00:00,,,,,,,Susceptible,0.6923573288997693
2022-04-29T00:00:00,,,,,,,Susceptible,0.6923492270063684
2022-04-30T00:00:00,,,,,,,Susceptible,0.6923414570015236
2022-05-01T00:00:00,,,,,,,Susceptible,0.6923340024197165
2022-01-01T00:00:00,,,,,,,Threatened,0.0
2022-01-02T00:00:00,,,,,,,Threatened,0.00029711994287886986
2022-01-03T00:00:00,,,,,,,Threatened,0.0008551267711699215
2022-01-04T00:00:00,,,,,,,Threatened,0.0015129554783012641
2022-01-05T00:00:00,,,,,,,Threatened,0.0021821159976698353
2022-01-06T00:00:00,,,,,,,Threatened,0.0028173365963913037
2022-01-07T00:00:00,,,,,,,Threatened,0.003398423727166809
2022-01-08T00:00:00,,,,,,,Threatened,0.003919244627182035
2022-01-09T00:00:00,,,,,,,Threatened,0.0043809450887433935
2022-01-10T00:00:00,,,,,,,Threatened,0.004788161278086004
2022-01-11T00:00:00,,,,,,,Threatened,0.005146866963148598
2022-01-12T00:00:00,,,,,,,Threatened,0.005463025500243397
2022-01-13T00:00:00,,,,,,,Threatened,0.005742238611968297
2022-01-14T00:00:00,,,,,,,Threatened,0.005989316143593249
2022-01-15T00:00:00,,,,,,,Threatened,0.006208358800565376
2022-01-16T00:00:00,,,,,,,Threatened,0.006402767314229511
2022-01-17T00:00:00,,,,,,,Threatened,0.006575306593582376
2022-01-18T00:00:00,,,,,,,Threatened,0.0067282552012647495
2022-01-19T00:00:00,,,,,,,Threatened,0.0068634757690743155
2022-01-20T00:00:00,,,,,,,Threatened,0.006982498880186194
2022-01-21T00:00:00,,,,,,,Threatened,0.007086596241041874
2022-01-22T00:00:00,,,,,,,Threatened,0.007176863681612429
2022-01-23T00:00:00,,,,,,,Threatened,0.007254230693110584
2022-01-24T00:00:00,,,,,,,Threatened,0.007319504345830856
2022-01-25T00:00:00,,,,,,,Threatened,0.007373426779688134
2022-01-26T00:00:00,,,,,,,Threatened,0.0074166668078915485
2022-01-27T00:00:00,,,,,,,Threatened,0.007449825013663832
2022-01-28T00:00:00,,,,,,,Threatened,0.007473474778750834
2022-01-29T00:00:00,,,,,,,Threatened,0.0074881644863004256
2022-01-30T00:00:00,,,,,,,Threatened,0.007494401980602889
2022-01-31T00:00:00,,,,,,,Threatened,0.007492670811314331
2022-02-01T00:00:00,,,,,,,Threatened,0.00748344074368363
2022-02-02T00:00:00,,,,,,,Threatened,0.007467166283884951
2022-02-03T00:00:00,,,,,,,Threatened,0.007444277171653689
2022-02-04T00:00:00,,,,,,,Threatened,0.0074151863636136225
2022-02-05T00:00:00,,,,,,,Threatened,0.0073802932846226636
2022-02-06T00:00:00,,,,,,,Threatened,0.007339983580200536
2022-02-07T00:00:00,,,,,,,Threatened,0.0072946267690282875
2022-02-08T00:00:00,,,,,,,Threatened,0.00724457494433555
2022-02-09T00:00:00,,,,,,,Threatened,0.007190166811793123
2022-02-10T00:00:00,,,,,,,Threatened,0.0071317269745037595
2022-02-11T00:00:00,,,,,,,Threatened,0.007069565932777596
2022-02-12T00:00:00,,,,,,,Threatened,0.007003980016302356
2022-02-13T00:00:00,,,,,,,Threatened,0.006935251427277838
2022-02-14T00:00:00,,,,,,,Threatened,0.006863649465690878
2022-02-15T00:00:00,,,,,,,Threatened,0.006789430769336653
2022-02-16T00:00:00,,,,,,,Threatened,0.00671283930426483
2022-02-17T00:00:00,,,,,,,Threatened,0.0066341063647795614
2022-02-18T00:00:00,,,,,,,Threatened,0.006553450878194117
2022-02-19T00:00:00,,,,,,,Threatened,0.006471081416227877
2022-02-20T00:00:00,,,,,,,Threatened,0.006387194814876337
2022-02-21T00:00:00,,,,,,,Threatened,0.006301977635068997
2022-02-22T00:00:00,,,,,,,Threatened,0.006215606472810891
2022-02-23T00:00:00,,,,,,,Threatened,0.006128247959182597
2022-02-24T00:00:00,,,,,,,Threatened,0.006040058760340225
2022-02-25T00:00:00,,,,,,,Threatened,0.005951185825466335
2022-02-26T00:00:00,,,,,,,Threatened,0.00586176923633549
2022-02-27T00:00:00,,,,,,,Threatened,0.005771939335289901
2022-02-28T00:00:00,,,,,,,Threatened,0.005681818624152114
2022-03-01T00:00:00,,,,,,,Threatened,0.005591522594620945
2022-03-02T00:00:00,,,,,,,Threatened,0.005501159728271486
2022-03-03T00:00:00,,,,,,,Threatened,0.0054108314965551
2022-03-04T00:00:00,,,,,,,Threatened,0.0053206323607994125
2022-03-05T00:00:00,,,,,,,Threatened,0.005230649773332737
2022-03-06T00:00:00,,,,,,,Threatened,0.005140966348342675
2022-03-07T00:00:00,,,,,,,Threatened,0.005051659187237444
2022-03-08T00:00:00,,,,,,,Threatened,0.004962799042202271
2022-03-09T00:00:00,,,,,,,Threatened,0.004874452076296184
2022-03-10T00:00:00,,,,,,,Threatened,0.004786679863452014
2022-03-11T00:00:00,,,,,,,Threatened,0.004699539388476393
2022-03-12T00:00:00,,,,,,,Threatened,0.004613083047049755
2022-03-13T00:00:00,,,,,,,Threatened,0.0045273586457263365
2022-03-14T00:00:00,,,,,,,Threatened,0.0044424094019341765
2022-03-15T00:00:00,,,,,,,Threatened,0.004358273916940218
2022-03-16T00:00:00,,,,,,,Threatened,0.004274987392233121
2022-03-17T00:00:00,,,,,,,Threatened,0.00419258573604707
2022-03-18T00:00:00,,,,,,,Threatened,0.004111102073827386
2022-03-19T00:00:00,,,,,,,Threatened,0.004030565845588628
2022-03-20T00:00:00,,,,,,,Threatened,0.003951002805914591
2022-03-21T00:00:00,,,,,,,Threatened,0.0038724350239583093
2022-03-22T00:00:00,,,,,,,Threatened,0.0037948808834420617
2022-03-23T00:00:00,,,,,,,Threatened,0.003718355082657358
2022-03-24T00:00:00,,,,,,,Threatened,0.003642868634464948
2022-03-25T00:00:00,,,,,,,Threatened,0.003568428866294814
2022-03-26T00:00:00,,,,,,,Threatened,0.003495040133550681
2022-03-27T00:00:00,,,,,,,Threatened,0.003422716384176555
2022-03-28T00:00:00,,,,,,,Threatened,0.0033514760284244533
2022-03-29T00:00:00,,,,,,,Threatened,0.003281332299278236
2022-03-30T00:00:00,,,,,,,Threatened,0.0032122931283678556
2022-03-31T00:00:00,,,,,,,Threatened,0.0031443611459693564
2022-04-01T00:00:00,,,,,,,Threatened,0.00307753368100487
2022-04-02T00:00:00,,,,,,,Threatened,0.0030118027610426257
2022-04-03T00:00:00,,,,,,,Threatened,0.0029471551122969377
2022-04-04T00:00:00,,,,,,,Threatened,0.002883572362475096
2022-04-05T00:00:00,,,,,,,Threatened,0.002821051642553655
2022-04-06T00:00:00,,,,,,,Threatened,0.002759610163870056
2022-04-07T00:00:00,,,,,,,Threatened,0.0026992575033823667
2022-04-08T00:00:00,,,,,,,Threatened,0.002639995925449303
2022-04-09T00:00:00,,,,,,,Threatened,0.002581820381830226
2022-04-10T00:00:00,,,,,,,Threatened,0.002524718511685145
2022-04-11T00:00:00,,,,,,,Threatened,0.002468670641574711
2022-04-12T00:00:00,,,,,,,Threatened,0.0024136497854602267
2022-04-13T00:00:00,,,,,,,Threatened,0.002359623696495151
2022-04-14T00:00:00,,,,,,,Threatened,0.0023065963371761743
2022-04-15T00:00:00,,,,,,,Threatened,0.0022545816007324086
2022-04-16T00:00:00,,,,,,,Threatened,0.0022035814662708327
2022-04-17T00:00:00,,,,,,,Threatened,0.002153590804654612
2022-04-18T00:00:00,,,,,,,Threatened,0.002104597378503097
2022-04-19T00:00:00,,,,,,,Threatened,0.0020565818421918233
2022-04-20T00:00:00,,,,,,,Threatened,0.0020095177418525158
2022-04-21T00:00:00,,,,,,,Threatened,0.0019633715153730812
2022-04-22T00:00:00,,,,,,,Threatened,0.0019181249752778333
2022-04-23T00:00:00,,,,,,,Threatened,0.0018737920666350133
2022-04-24T00:00:00,,,,,,,Threatened,0.0018303721282284721
2022-04-25T00:00:00,,,,,,,Threatened,0.0017878588204231678
2022-04-26T00:00:00,,,,,,,Threatened,0.0017462401887882628
2022-04-27T00:00:00,,,,,,,Threatened,0.0017054986640971251
2022-04-28T00:00:00,,,,,,,Threatened,0.0016656110623273273
2022-04-29T00:00:00,,,,,,,Threatened,0.001626548584660647
2022-04-30T00:00:00,,,,,,,Threatened,0.001588289485062765
2022-05-01T00:00:00,,,,,,,Threatened,0.0015508452774741933
